Date Hour (ET),Response Code,Total Count,Bad Count
2026-02-11 00:00,00,319984,0
2026-02-11 00:00,01,271922,0
2026-02-11 00:00,02,285901,0
2026-02-11 00:00,03,309753,0
2026-02-11 00:00,04,333173,0
2026-02-11 00:00,05,250576,0
2026-02-11 00:00,06,322535,0
2026-02-11 00:00,07,311721,13
2026-02-11 00:00,08,303175,0
2026-02-11 00:00,09,312136,0
2026-02-11 00:00,10,309233,0
2026-02-11 00:00,11,246928,0
2026-02-11 00:00,12,267020,0
2026-02-11 00:00,13,264653,0
2026-02-11 00:00,14,264463,10
2026-02-11 00:00,15,293772,0
2026-02-11 00:00,16,319824,0
2026-02-11 00:00,17,332925,0
2026-02-11 00:00,18,328486,0
2026-02-11 00:00,19,335521,0
2026-02-11 00:00,20,242578,0
2026-02-11 00:00,21,342788,0
2026-02-11 00:00,22,301277,0
2026-02-11 00:00,23,324296,0
2026-02-11 00:00,24,311528,0
2026-02-11 00:00,25,249965,0
2026-02-11 00:00,26,257145,0
2026-02-11 00:00,27,245982,0
2026-02-11 00:00,28,237700,0
2026-02-11 00:00,29,243133,0
2026-02-11 00:00,30,344464,0
2026-02-11 00:00,31,238445,0
2026-02-11 00:00,32,331005,0
2026-02-11 01:00,00,243663,0
2026-02-11 01:00,01,291473,0
2026-02-11 01:00,02,318393,0
2026-02-11 01:00,03,288653,0
2026-02-11 01:00,04,338136,0
2026-02-11 01:00,05,328321,0
2026-02-11 01:00,06,344142,50
2026-02-11 01:00,07,304434,0
2026-02-11 01:00,08,297507,0
2026-02-11 01:00,09,278036,0
2026-02-11 01:00,10,302262,0
2026-02-11 01:00,11,294818,0
2026-02-11 01:00,12,296641,0
2026-02-11 01:00,13,338610,0
2026-02-11 01:00,14,309362,0
2026-02-11 01:00,15,296935,0
2026-02-11 01:00,16,259498,0
2026-02-11 01:00,17,271998,0
2026-02-11 01:00,18,266255,0
2026-02-11 01:00,19,287000,0
2026-02-11 01:00,20,283524,0
2026-02-11 01:00,21,294130,0
2026-02-11 01:00,22,315569,0
2026-02-11 01:00,23,252474,0
2026-02-11 01:00,24,306447,0
2026-02-11 01:00,25,243417,0
2026-02-11 01:00,26,325251,0
2026-02-11 01:00,27,332328,48
2026-02-11 01:00,28,307736,0
2026-02-11 01:00,29,233656,0
2026-02-11 01:00,30,256852,0
2026-02-11 01:00,31,268046,0
2026-02-11 01:00,32,343991,20
2026-02-11 02:00,00,313745,0
2026-02-11 02:00,01,278120,0
2026-02-11 02:00,02,265266,0
2026-02-11 02:00,03,330805,0
2026-02-11 02:00,04,239134,0
2026-02-11 02:00,05,343529,0
2026-02-11 02:00,06,257226,0
2026-02-11 02:00,07,292585,0
2026-02-11 02:00,08,306151,0
2026-02-11 02:00,09,241186,0
2026-02-11 02:00,10,316209,0
2026-02-11 02:00,11,298174,0
2026-02-11 02:00,12,325765,0
2026-02-11 02:00,13,298516,0
2026-02-11 02:00,14,237096,0
2026-02-11 02:00,15,326879,0
2026-02-11 02:00,16,302694,0
2026-02-11 02:00,17,281445,0
2026-02-11 02:00,18,259628,0
2026-02-11 02:00,19,328753,0
2026-02-11 02:00,20,237713,0
2026-02-11 02:00,21,232072,0
2026-02-11 02:00,22,240338,0
2026-02-11 02:00,23,264699,0
2026-02-11 02:00,24,339651,0
2026-02-11 02:00,25,313639,0
2026-02-11 02:00,26,289533,0
2026-02-11 02:00,27,252094,0
2026-02-11 02:00,28,298449,5
2026-02-11 02:00,29,278612,0
2026-02-11 02:00,30,287905,0
2026-02-11 02:00,31,312356,0
2026-02-11 02:00,32,270160,0
2026-02-11 03:00,00,233476,0
2026-02-11 03:00,01,270868,34
2026-02-11 03:00,02,257569,0
2026-02-11 03:00,03,253964,0
2026-02-11 03:00,04,299203,0
2026-02-11 03:00,05,321855,0
2026-02-11 03:00,06,233174,14
2026-02-11 03:00,07,272925,0
2026-02-11 03:00,08,306081,0
2026-02-11 03:00,09,297220,0
2026-02-11 03:00,10,253315,7
2026-02-11 03:00,11,317045,19
2026-02-11 03:00,12,259089,0
2026-02-11 03:00,13,236602,0
2026-02-11 03:00,14,231776,0
2026-02-11 03:00,15,299500,12
2026-02-11 03:00,16,324895,0
2026-02-11 03:00,17,281957,37
2026-02-11 03:00,18,299702,0
2026-02-11 03:00,19,259513,0
2026-02-11 03:00,20,254050,0
2026-02-11 03:00,21,298530,0
2026-02-11 03:00,22,234065,0
2026-02-11 03:00,23,253532,0
2026-02-11 03:00,24,244044,12
2026-02-11 03:00,25,266991,43
2026-02-11 03:00,26,326710,0
2026-02-11 03:00,27,255168,0
2026-02-11 03:00,28,267352,0
2026-02-11 03:00,29,300864,0
2026-02-11 03:00,30,260291,0
2026-02-11 03:00,31,292453,0
2026-02-11 03:00,32,233026,0
2026-02-11 04:00,00,292421,3
2026-02-11 04:00,01,307224,46
2026-02-11 04:00,02,322963,0
2026-02-11 04:00,03,295539,0
2026-02-11 04:00,04,301497,0
2026-02-11 04:00,05,236415,0
2026-02-11 04:00,06,254112,0
2026-02-11 04:00,07,269477,0
2026-02-11 04:00,08,271840,0
2026-02-11 04:00,09,257307,0
2026-02-11 04:00,10,287408,0
2026-02-11 04:00,11,288573,0
2026-02-11 04:00,12,286351,0
2026-02-11 04:00,13,245319,0
2026-02-11 04:00,14,320508,0
2026-02-11 04:00,15,248609,0
2026-02-11 04:00,16,307840,0
2026-02-11 04:00,17,306738,0
2026-02-11 04:00,18,279269,0
2026-02-11 04:00,19,288767,50
2026-02-11 04:00,20,337794,0
2026-02-11 04:00,21,325654,0
2026-02-11 04:00,22,248668,0
2026-02-11 04:00,23,234212,0
2026-02-11 04:00,24,257885,0
2026-02-11 04:00,25,321036,0
2026-02-11 04:00,26,265422,0
2026-02-11 04:00,27,284782,0
2026-02-11 04:00,28,317043,0
2026-02-11 04:00,29,294369,0
2026-02-11 04:00,30,328974,0
2026-02-11 04:00,31,307567,0
2026-02-11 04:00,32,342787,0
2026-02-11 05:00,00,312442,20
2026-02-11 05:00,01,318171,0
2026-02-11 05:00,02,296038,0
2026-02-11 05:00,03,240683,40
2026-02-11 05:00,04,316744,0
2026-02-11 05:00,05,341792,0
2026-02-11 05:00,06,332404,0
2026-02-11 05:00,07,230473,0
2026-02-11 05:00,08,332326,0
2026-02-11 05:00,09,248146,0
2026-02-11 05:00,10,322456,17
2026-02-11 05:00,11,270768,0
2026-02-11 05:00,12,339321,0
2026-02-11 05:00,13,338551,0
2026-02-11 05:00,14,341173,0
2026-02-11 05:00,15,260232,0
2026-02-11 05:00,16,322909,13
2026-02-11 05:00,17,233915,0
2026-02-11 05:00,18,342481,0
2026-02-11 05:00,19,242047,0
2026-02-11 05:00,20,309897,0
2026-02-11 05:00,21,297429,0
2026-02-11 05:00,22,265504,0
2026-02-11 05:00,23,337275,0
2026-02-11 05:00,24,323641,0
2026-02-11 05:00,25,316708,0
2026-02-11 05:00,26,288796,0
2026-02-11 05:00,27,277946,0
2026-02-11 05:00,28,337383,0
2026-02-11 05:00,29,301255,0
2026-02-11 05:00,30,242418,0
2026-02-11 05:00,31,236870,0
2026-02-11 05:00,32,333550,0
2026-02-11 06:00,00,286185,0
2026-02-11 06:00,01,336600,0
2026-02-11 06:00,02,258608,0
2026-02-11 06:00,03,321484,0
2026-02-11 06:00,04,254949,0
2026-02-11 06:00,05,238493,0
2026-02-11 06:00,06,319479,0
2026-02-11 06:00,07,325248,0
2026-02-11 06:00,08,249995,0
2026-02-11 06:00,09,305323,0
2026-02-11 06:00,10,278645,0
2026-02-11 06:00,11,249189,43
2026-02-11 06:00,12,339953,0
2026-02-11 06:00,13,302592,0
2026-02-11 06:00,14,248092,0
2026-02-11 06:00,15,264114,0
2026-02-11 06:00,16,341959,0
2026-02-11 06:00,17,278837,0
2026-02-11 06:00,18,244001,31
2026-02-11 06:00,19,297571,0
2026-02-11 06:00,20,282746,0
2026-02-11 06:00,21,266246,0
2026-02-11 06:00,22,323594,0
2026-02-11 06:00,23,310739,0
2026-02-11 06:00,24,279484,23
2026-02-11 06:00,25,308309,0
2026-02-11 06:00,26,288523,0
2026-02-11 06:00,27,269633,0
2026-02-11 06:00,28,328980,0
2026-02-11 06:00,29,326585,0
2026-02-11 06:00,30,245926,0
2026-02-11 06:00,31,301184,0
2026-02-11 06:00,32,257865,0
2026-02-11 07:00,00,339022,0
2026-02-11 07:00,01,318448,0
2026-02-11 07:00,02,266271,0
2026-02-11 07:00,03,258923,0
2026-02-11 07:00,04,269713,0
2026-02-11 07:00,05,327044,0
2026-02-11 07:00,06,320472,0
2026-02-11 07:00,07,318615,0
2026-02-11 07:00,08,251311,24
2026-02-11 07:00,09,260060,0
2026-02-11 07:00,10,266373,9
2026-02-11 07:00,11,327147,33
2026-02-11 07:00,12,290314,0
2026-02-11 07:00,13,306378,0
2026-02-11 07:00,14,283959,0
2026-02-11 07:00,15,336300,0
2026-02-11 07:00,16,322203,0
2026-02-11 07:00,17,245655,0
2026-02-11 07:00,18,243513,0
2026-02-11 07:00,19,325037,18
2026-02-11 07:00,20,239039,36
2026-02-11 07:00,21,269693,0
2026-02-11 07:00,22,293668,0
2026-02-11 07:00,23,288439,0
2026-02-11 07:00,24,266035,0
2026-02-11 07:00,25,303729,0
2026-02-11 07:00,26,250816,0
2026-02-11 07:00,27,240472,0
2026-02-11 07:00,28,234738,0
2026-02-11 07:00,29,321315,0
2026-02-11 07:00,30,333802,0
2026-02-11 07:00,31,284610,0
2026-02-11 07:00,32,231996,0
2026-02-11 08:00,00,231906,0
2026-02-11 08:00,01,249932,2
2026-02-11 08:00,02,321032,0
2026-02-11 08:00,03,340456,0
2026-02-11 08:00,04,290520,0
2026-02-11 08:00,05,238563,0
2026-02-11 08:00,06,298090,0
2026-02-11 08:00,07,312851,0
2026-02-11 08:00,08,266468,0
2026-02-11 08:00,09,280520,0
2026-02-11 08:00,10,341063,0
2026-02-11 08:00,11,320638,0
2026-02-11 08:00,12,253083,0
2026-02-11 08:00,13,303328,0
2026-02-11 08:00,14,272563,0
2026-02-11 08:00,15,295344,0
2026-02-11 08:00,16,332685,0
2026-02-11 08:00,17,342521,0
2026-02-11 08:00,18,317406,0
2026-02-11 08:00,19,283562,0
2026-02-11 08:00,20,262151,0
2026-02-11 08:00,21,292095,0
2026-02-11 08:00,22,266564,0
2026-02-11 08:00,23,313516,0
2026-02-11 08:00,24,319705,21
2026-02-11 08:00,25,331728,0
2026-02-11 08:00,26,258310,0
2026-02-11 08:00,27,241606,0
2026-02-11 08:00,28,337714,0
2026-02-11 08:00,29,256892,38
2026-02-11 08:00,30,323029,0
2026-02-11 08:00,31,275947,0
2026-02-11 08:00,32,238634,0
2026-02-11 09:00,00,256796,0
2026-02-11 09:00,01,328879,0
2026-02-11 09:00,02,237758,0
2026-02-11 09:00,03,317220,0
2026-02-11 09:00,04,235772,0
2026-02-11 09:00,05,241429,27
2026-02-11 09:00,06,271642,47
2026-02-11 09:00,07,276374,0
2026-02-11 09:00,08,303867,28
2026-02-11 09:00,09,238976,0
2026-02-11 09:00,10,269704,0
2026-02-11 09:00,11,342462,0
2026-02-11 09:00,12,256343,0
2026-02-11 09:00,13,326883,0
2026-02-11 09:00,14,338058,24
2026-02-11 09:00,15,252604,0
2026-02-11 09:00,16,317901,0
2026-02-11 09:00,17,245882,0
2026-02-11 09:00,18,279202,0
2026-02-11 09:00,19,319999,0
2026-02-11 09:00,20,250668,0
2026-02-11 09:00,21,344480,0
2026-02-11 09:00,22,273661,0
2026-02-11 09:00,23,326409,0
2026-02-11 09:00,24,312744,0
2026-02-11 09:00,25,235961,0
2026-02-11 09:00,26,277711,0
2026-02-11 09:00,27,330773,0
2026-02-11 09:00,28,297851,0
2026-02-11 09:00,29,242969,0
2026-02-11 09:00,30,309404,0
2026-02-11 09:00,31,286238,0
2026-02-11 09:00,32,262682,0
2026-02-11 10:00,00,248377,0
2026-02-11 10:00,01,234304,0
2026-02-11 10:00,02,324477,0
2026-02-11 10:00,03,312349,0
2026-02-11 10:00,04,329604,0
2026-02-11 10:00,05,287543,0
2026-02-11 10:00,06,232414,0
2026-02-11 10:00,07,252560,0
2026-02-11 10:00,08,271826,0
2026-02-11 10:00,09,285644,0
2026-02-11 10:00,10,312845,0
2026-02-11 10:00,11,253835,0
2026-02-11 10:00,12,319760,0
2026-02-11 10:00,13,266029,0
2026-02-11 10:00,14,260286,0
2026-02-11 10:00,15,278569,0
2026-02-11 10:00,16,323968,0
2026-02-11 10:00,17,273701,0
2026-02-11 10:00,18,249685,0
2026-02-11 10:00,19,303040,0
2026-02-11 10:00,20,299086,0
2026-02-11 10:00,21,280583,19
2026-02-11 10:00,22,332335,0
2026-02-11 10:00,23,324536,0
2026-02-11 10:00,24,336821,0
2026-02-11 10:00,25,281597,0
2026-02-11 10:00,26,268683,0
2026-02-11 10:00,27,297070,0
2026-02-11 10:00,28,243178,0
2026-02-11 10:00,29,327347,0
2026-02-11 10:00,30,327349,0
2026-02-11 10:00,31,251644,0
2026-02-11 10:00,32,267711,0
2026-02-11 11:00,00,324376,0
2026-02-11 11:00,01,335830,0
2026-02-11 11:00,02,300107,46
2026-02-11 11:00,03,259206,0
2026-02-11 11:00,04,334059,0
2026-02-11 11:00,05,344555,0
2026-02-11 11:00,06,263729,0
2026-02-11 11:00,07,343367,0
2026-02-11 11:00,08,256518,0
2026-02-11 11:00,09,245099,0
2026-02-11 11:00,10,286139,0
2026-02-11 11:00,11,335325,24
2026-02-11 11:00,12,275518,0
2026-02-11 11:00,13,242615,0
2026-02-11 11:00,14,305064,0
2026-02-11 11:00,15,257574,0
2026-02-11 11:00,16,280929,0
2026-02-11 11:00,17,341323,0
2026-02-11 11:00,18,322777,0
2026-02-11 11:00,19,302019,0
2026-02-11 11:00,20,320386,0
2026-02-11 11:00,21,327416,0
2026-02-11 11:00,22,293553,0
2026-02-11 11:00,23,281161,0
2026-02-11 11:00,24,334578,0
2026-02-11 11:00,25,253668,0
2026-02-11 11:00,26,247654,0
2026-02-11 11:00,27,302112,0
2026-02-11 11:00,28,342724,0
2026-02-11 11:00,29,231527,0
2026-02-11 11:00,30,303890,0
2026-02-11 11:00,31,308009,0
2026-02-11 11:00,32,311422,17
2026-02-11 12:00,00,339944,0
2026-02-11 12:00,01,310575,0
2026-02-11 12:00,02,327666,0
2026-02-11 12:00,03,241585,1
2026-02-11 12:00,04,238002,0
2026-02-11 12:00,05,313843,0
2026-02-11 12:00,06,267753,0
2026-02-11 12:00,07,276201,0
2026-02-11 12:00,08,245944,0
2026-02-11 12:00,09,333775,0
2026-02-11 12:00,10,315428,0
2026-02-11 12:00,11,323303,0
2026-02-11 12:00,12,252423,0
2026-02-11 12:00,13,230617,0
2026-02-11 12:00,14,255002,0
2026-02-11 12:00,15,286497,0
2026-02-11 12:00,16,343084,0
2026-02-11 12:00,17,310761,0
2026-02-11 12:00,18,277307,0
2026-02-11 12:00,19,313644,0
2026-02-11 12:00,20,293969,0
2026-02-11 12:00,21,250657,0
2026-02-11 12:00,22,276899,0
2026-02-11 12:00,23,260490,0
2026-02-11 12:00,24,345299,0
2026-02-11 12:00,25,232199,0
2026-02-11 12:00,26,258462,0
2026-02-11 12:00,27,234114,0
2026-02-11 12:00,28,312409,0
2026-02-11 12:00,29,300630,0
2026-02-11 12:00,30,289053,0
2026-02-11 12:00,31,240360,0
2026-02-11 12:00,32,310495,0
2026-02-11 13:00,00,305616,0
2026-02-11 13:00,01,300324,0
2026-02-11 13:00,02,264167,0
2026-02-11 13:00,03,305801,0
2026-02-11 13:00,04,268987,0
2026-02-11 13:00,05,257855,0
2026-02-11 13:00,06,271661,0
2026-02-11 13:00,07,266202,0
2026-02-11 13:00,08,311962,0
2026-02-11 13:00,09,309958,0
2026-02-11 13:00,10,276213,0
2026-02-11 13:00,11,317989,0
2026-02-11 13:00,12,256005,0
2026-02-11 13:00,13,301362,0
2026-02-11 13:00,14,322360,1
2026-02-11 13:00,15,306508,0
2026-02-11 13:00,16,291938,0
2026-02-11 13:00,17,325730,0
2026-02-11 13:00,18,278909,0
2026-02-11 13:00,19,344715,0
2026-02-11 13:00,20,301280,0
2026-02-11 13:00,21,336002,0
2026-02-11 13:00,22,312757,0
2026-02-11 13:00,23,243580,0
2026-02-11 13:00,24,312545,0
2026-02-11 13:00,25,329361,0
2026-02-11 13:00,26,299660,0
2026-02-11 13:00,27,276098,16
2026-02-11 13:00,28,340393,0
2026-02-11 13:00,29,313511,0
2026-02-11 13:00,30,339062,0
2026-02-11 13:00,31,262195,0
2026-02-11 13:00,32,329414,39
2026-02-11 14:00,00,284483,0
2026-02-11 14:00,01,333054,0
2026-02-11 14:00,02,271679,0
2026-02-11 14:00,03,236740,0
2026-02-11 14:00,04,286927,0
2026-02-11 14:00,05,340684,0
2026-02-11 14:00,06,270139,0
2026-02-11 14:00,07,343832,25
2026-02-11 14:00,08,251203,0
2026-02-11 14:00,09,306484,35
2026-02-11 14:00,10,237592,0
2026-02-11 14:00,11,267201,0
2026-02-11 14:00,12,280128,0
2026-02-11 14:00,13,257822,0
2026-02-11 14:00,14,235449,0
2026-02-11 14:00,15,290057,0
2026-02-11 14:00,16,344807,0
2026-02-11 14:00,17,280770,0
2026-02-11 14:00,18,238551,0
2026-02-11 14:00,19,297478,0
2026-02-11 14:00,20,232659,0
2026-02-11 14:00,21,309427,43
2026-02-11 14:00,22,299119,0
2026-02-11 14:00,23,284388,4
2026-02-11 14:00,24,323257,0
2026-02-11 14:00,25,274318,0
2026-02-11 14:00,26,256314,0
2026-02-11 14:00,27,254002,0
2026-02-11 14:00,28,331058,0
2026-02-11 14:00,29,331160,0
2026-02-11 14:00,30,311618,0
2026-02-11 14:00,31,327915,0
2026-02-11 14:00,32,276225,38
2026-02-11 15:00,00,283166,0
2026-02-11 15:00,01,270001,0
2026-02-11 15:00,02,332302,46
2026-02-11 15:00,03,288786,0
2026-02-11 15:00,04,338261,0
2026-02-11 15:00,05,300879,23
2026-02-11 15:00,06,278044,0
2026-02-11 15:00,07,338245,0
2026-02-11 15:00,08,236675,0
2026-02-11 15:00,09,245571,0
2026-02-11 15:00,10,333997,0
2026-02-11 15:00,11,242794,34
2026-02-11 15:00,12,311769,4
2026-02-11 15:00,13,311661,0
2026-02-11 15:00,14,243322,0
2026-02-11 15:00,15,245280,0
2026-02-11 15:00,16,328783,0
2026-02-11 15:00,17,274968,0
2026-02-11 15:00,18,234002,0
2026-02-11 15:00,19,278393,0
2026-02-11 15:00,20,237926,0
2026-02-11 15:00,21,232078,0
2026-02-11 15:00,22,296410,0
2026-02-11 15:00,23,332199,4
2026-02-11 15:00,24,278629,0
2026-02-11 15:00,25,250715,0
2026-02-11 15:00,26,312811,0
2026-02-11 15:00,27,262060,0
2026-02-11 15:00,28,272760,0
2026-02-11 15:00,29,260326,0
2026-02-11 15:00,30,274109,0
2026-02-11 15:00,31,302659,0
2026-02-11 15:00,32,307362,7
2026-02-11 16:00,00,313876,0
2026-02-11 16:00,01,328918,0
2026-02-11 16:00,02,316644,0
2026-02-11 16:00,03,241900,0
2026-02-11 16:00,04,236913,0
2026-02-11 16:00,05,268196,0
2026-02-11 16:00,06,281295,0
2026-02-11 16:00,07,345483,38
2026-02-11 16:00,08,283083,0
2026-02-11 16:00,09,304611,0
2026-02-11 16:00,10,323717,0
2026-02-11 16:00,11,267030,0
2026-02-11 16:00,12,237182,0
2026-02-11 16:00,13,322925,0
2026-02-11 16:00,14,230882,0
2026-02-11 16:00,15,344978,0
2026-02-11 16:00,16,345036,0
2026-02-11 16:00,17,289418,0
2026-02-11 16:00,18,271186,0
2026-02-11 16:00,19,342905,0
2026-02-11 16:00,20,235598,0
2026-02-11 16:00,21,290007,0
2026-02-11 16:00,22,286852,0
2026-02-11 16:00,23,247154,0
2026-02-11 16:00,24,339504,0
2026-02-11 16:00,25,308910,0
2026-02-11 16:00,26,234508,0
2026-02-11 16:00,27,239139,0
2026-02-11 16:00,28,303160,43
2026-02-11 16:00,29,235152,0
2026-02-11 16:00,30,261978,0
2026-02-11 16:00,31,328458,0
2026-02-11 16:00,32,254865,0
2026-02-11 17:00,00,235441,0
2026-02-11 17:00,01,272524,22
2026-02-11 17:00,02,327301,0
2026-02-11 17:00,03,252440,0
2026-02-11 17:00,04,329988,0
2026-02-11 17:00,05,318081,0
2026-02-11 17:00,06,241825,0
2026-02-11 17:00,07,271884,0
2026-02-11 17:00,08,281126,0
2026-02-11 17:00,09,303779,0
2026-02-11 17:00,10,270481,0
2026-02-11 17:00,11,344707,0
2026-02-11 17:00,12,343398,0
2026-02-11 17:00,13,325788,0
2026-02-11 17:00,14,342721,0
2026-02-11 17:00,15,340639,0
2026-02-11 17:00,16,314344,0
2026-02-11 17:00,17,314317,0
2026-02-11 17:00,18,338708,0
2026-02-11 17:00,19,294402,0
2026-02-11 17:00,20,319750,0
2026-02-11 17:00,21,273190,0
2026-02-11 17:00,22,259812,0
2026-02-11 17:00,23,241590,0
2026-02-11 17:00,24,323878,0
2026-02-11 17:00,25,317456,0
2026-02-11 17:00,26,315359,0
2026-02-11 17:00,27,339020,0
2026-02-11 17:00,28,287468,0
2026-02-11 17:00,29,334076,0
2026-02-11 17:00,30,263951,0
2026-02-11 17:00,31,278231,0
2026-02-11 17:00,32,330606,0
2026-02-11 18:00,00,299182,0
2026-02-11 18:00,01,252660,0
2026-02-11 18:00,02,257981,42
2026-02-11 18:00,03,264076,0
2026-02-11 18:00,04,237247,0
2026-02-11 18:00,05,328325,0
2026-02-11 18:00,06,240493,0
2026-02-11 18:00,07,241915,0
2026-02-11 18:00,08,316280,0
2026-02-11 18:00,09,281098,0
2026-02-11 18:00,10,267905,0
2026-02-11 18:00,11,245422,47
2026-02-11 18:00,12,303587,0
2026-02-11 18:00,13,254883,0
2026-02-11 18:00,14,277896,0
2026-02-11 18:00,15,339415,38
2026-02-11 18:00,16,239714,0
2026-02-11 18:00,17,272332,0
2026-02-11 18:00,18,318474,0
2026-02-11 18:00,19,276907,0
2026-02-11 18:00,20,269190,0
2026-02-11 18:00,21,262392,0
2026-02-11 18:00,22,279714,0
2026-02-11 18:00,23,240779,0
2026-02-11 18:00,24,280419,0
2026-02-11 18:00,25,340640,0
2026-02-11 18:00,26,259377,0
2026-02-11 18:00,27,243260,0
2026-02-11 18:00,28,293519,15
2026-02-11 18:00,29,310689,0
2026-02-11 18:00,30,341121,0
2026-02-11 18:00,31,342689,0
2026-02-11 18:00,32,273663,0
2026-02-11 19:00,00,280136,0
2026-02-11 19:00,01,284001,0
2026-02-11 19:00,02,268159,0
2026-02-11 19:00,03,338084,17
2026-02-11 19:00,04,336642,0
2026-02-11 19:00,05,264737,0
2026-02-11 19:00,06,318643,0
2026-02-11 19:00,07,309024,1
2026-02-11 19:00,08,235291,0
2026-02-11 19:00,09,297439,0
2026-02-11 19:00,10,328201,0
2026-02-11 19:00,11,271787,12
2026-02-11 19:00,12,318704,3
2026-02-11 19:00,13,257300,0
2026-02-11 19:00,14,315963,0
2026-02-11 19:00,15,231790,0
2026-02-11 19:00,16,282437,0
2026-02-11 19:00,17,233078,0
2026-02-11 19:00,18,335436,0
2026-02-11 19:00,19,239161,23
2026-02-11 19:00,20,259988,0
2026-02-11 19:00,21,336536,0
2026-02-11 19:00,22,302054,0
2026-02-11 19:00,23,258217,0
2026-02-11 19:00,24,262807,0
2026-02-11 19:00,25,316926,0
2026-02-11 19:00,26,233357,0
2026-02-11 19:00,27,293344,0
2026-02-11 19:00,28,270135,43
2026-02-11 19:00,29,289332,0
2026-02-11 19:00,30,244207,0
2026-02-11 19:00,31,290381,0
2026-02-11 19:00,32,245669,23
2026-02-11 20:00,00,271342,0
2026-02-11 20:00,01,302142,0
2026-02-11 20:00,02,230398,0
2026-02-11 20:00,03,306645,0
2026-02-11 20:00,04,327527,0
2026-02-11 20:00,05,272330,0
2026-02-11 20:00,06,249379,0
2026-02-11 20:00,07,285472,0
2026-02-11 20:00,08,326384,0
2026-02-11 20:00,09,325155,0
2026-02-11 20:00,10,274478,0
2026-02-11 20:00,11,298108,0
2026-02-11 20:00,12,291773,0
2026-02-11 20:00,13,277184,0
2026-02-11 20:00,14,295818,0
2026-02-11 20:00,15,239085,12
2026-02-11 20:00,16,339806,0
2026-02-11 20:00,17,285592,0
2026-02-11 20:00,18,331239,0
2026-02-11 20:00,19,268397,0
2026-02-11 20:00,20,288709,0
2026-02-11 20:00,21,239392,0
2026-02-11 20:00,22,233080,0
2026-02-11 20:00,23,324745,0
2026-02-11 20:00,24,277534,0
2026-02-11 20:00,25,335586,0
2026-02-11 20:00,26,303540,37
2026-02-11 20:00,27,313979,27
2026-02-11 20:00,28,245384,0
2026-02-11 20:00,29,256130,0
2026-02-11 20:00,30,283054,0
2026-02-11 20:00,31,344776,0
2026-02-11 20:00,32,298229,0
2026-02-11 21:00,00,337055,0
2026-02-11 21:00,01,244561,0
2026-02-11 21:00,02,326315,0
2026-02-11 21:00,03,320509,29
2026-02-11 21:00,04,336121,0
2026-02-11 21:00,05,301829,0
2026-02-11 21:00,06,253405,0
2026-02-11 21:00,07,338359,0
2026-02-11 21:00,08,233216,0
2026-02-11 21:00,09,311241,0
2026-02-11 21:00,10,275562,0
2026-02-11 21:00,11,271996,0
2026-02-11 21:00,12,288435,0
2026-02-11 21:00,13,301508,0
2026-02-11 21:00,14,305359,0
2026-02-11 21:00,15,309812,0
2026-02-11 21:00,16,290333,0
2026-02-11 21:00,17,344053,50
2026-02-11 21:00,18,293920,7
2026-02-11 21:00,19,325011,0
2026-02-11 21:00,20,266202,0
2026-02-11 21:00,21,238895,0
2026-02-11 21:00,22,253108,0
2026-02-11 21:00,23,298383,0
2026-02-11 21:00,24,310590,0
2026-02-11 21:00,25,324201,0
2026-02-11 21:00,26,249006,0
2026-02-11 21:00,27,283540,0
2026-02-11 21:00,28,319459,0
2026-02-11 21:00,29,316304,0
2026-02-11 21:00,30,250486,47
2026-02-11 21:00,31,301820,0
2026-02-11 21:00,32,277703,0
2026-02-11 22:00,00,324293,0
2026-02-11 22:00,01,320586,0
2026-02-11 22:00,02,264404,0
2026-02-11 22:00,03,276915,0
2026-02-11 22:00,04,262614,0
2026-02-11 22:00,05,253833,0
2026-02-11 22:00,06,250648,0
2026-02-11 22:00,07,319982,0
2026-02-11 22:00,08,237447,0
2026-02-11 22:00,09,339052,0
2026-02-11 22:00,10,326516,0
2026-02-11 22:00,11,333409,0
2026-02-11 22:00,12,324098,0
2026-02-11 22:00,13,259861,0
2026-02-11 22:00,14,263751,0
2026-02-11 22:00,15,280006,0
2026-02-11 22:00,16,270469,0
2026-02-11 22:00,17,326997,0
2026-02-11 22:00,18,304933,0
2026-02-11 22:00,19,313185,0
2026-02-11 22:00,20,319796,0
2026-02-11 22:00,21,233644,0
2026-02-11 22:00,22,258181,0
2026-02-11 22:00,23,335152,0
2026-02-11 22:00,24,239723,29
2026-02-11 22:00,25,252051,0
2026-02-11 22:00,26,291513,0
2026-02-11 22:00,27,334171,0
2026-02-11 22:00,28,280973,0
2026-02-11 22:00,29,281904,0
2026-02-11 22:00,30,329180,44
2026-02-11 22:00,31,238614,0
2026-02-11 22:00,32,260137,0
2026-02-11 23:00,00,298423,19
2026-02-11 23:00,01,245074,0
2026-02-11 23:00,02,257425,0
2026-02-11 23:00,03,312571,0
2026-02-11 23:00,04,338617,0
2026-02-11 23:00,05,322599,0
2026-02-11 23:00,06,232683,0
2026-02-11 23:00,07,257366,0
2026-02-11 23:00,08,254484,0
2026-02-11 23:00,09,272461,0
2026-02-11 23:00,10,310229,0
2026-02-11 23:00,11,300521,0
2026-02-11 23:00,12,254317,0
2026-02-11 23:00,13,247336,0
2026-02-11 23:00,14,257438,0
2026-02-11 23:00,15,294980,0
2026-02-11 23:00,16,339958,0
2026-02-11 23:00,17,237870,0
2026-02-11 23:00,18,324636,0
2026-02-11 23:00,19,266404,0
2026-02-11 23:00,20,334424,9
2026-02-11 23:00,21,315212,0
2026-02-11 23:00,22,233262,1
2026-02-11 23:00,23,249829,0
2026-02-11 23:00,24,330608,0
2026-02-11 23:00,25,286609,9
2026-02-11 23:00,26,280576,0
2026-02-11 23:00,27,263750,0
2026-02-11 23:00,28,242460,0
2026-02-11 23:00,29,340018,0
2026-02-11 23:00,30,311810,0
2026-02-11 23:00,31,247318,0
2026-02-11 23:00,32,292908,0
